task_type,PaliGemma-3B,Gemini-1.5-Flash,Gemini-1.5-Pro,Qwen-2-VL-7B,CogVLM-2-Llama-3-19B,LLaVA-v1.6-Mistral-7B,Qwen-2-VL-2B,InternVL-2-1B,GPT-4o-Mini,InternVL-2-8B,num_instances,best_model
Chart Understanding,12.838427947598252,62.171945701357465,67.65994741454864,14.06113537117904,67.34333627537511,22.882096069868997,12.314410480349345,46.81222707423581,60.36036036036037,65.67685589519651,1145.0,Gemini-1.5-Pro
Document Understanding,12.489082969432316,64.35555555555555,70.52631578947368,20.0,68.16578483245151,30.069930069930066,15.807860262008733,45.6768558951965,54.68197879858657,65.76419213973799,1145.0,Gemini-1.5-Pro
Knowledge-based Visual Question-Answering,19.222367846221058,70.66079295154185,77.30651508526454,26.94323144104803,62.7682873412177,58.646288209606986,19.83398864132809,45.414847161572055,84.03693931398418,71.42857142857143,2290.0,GPT-4o-Mini
Visual Question-Answering,23.580786026200872,69.10856134157105,73.25174825174825,29.519650655021834,57.180385288966725,57.64192139737992,26.2882096069869,55.80786026200874,77.73882559158632,68.646288209607,1145.0,GPT-4o-Mini
